locus_id	SNP	CHR	BP	P	method
locus_0001_chr1_25586652	rs28361285	1	25586652	1.008104559458397e-10	distance
locus_0002_chr3_38645241	rs45488304	3	38645241	8.269969383881328e-23	distance
locus_0003_chr4_19275730	rs312394	4	19275730	2.1909401928185288e-08	distance
locus_0004_chr4_77003525	rs139877647	4	77003525	3.739624041977848e-19	distance
locus_0005_chr4_114213580	rs200990814	4	114213580	1.955293497655296e-26	distance
locus_0006_chr5_141353169	5:141353169:C:T	5	141353169	6.374645592256106e-46	distance
locus_0007_chr5_171510075	5:171510075:G:A	5	171510075	8.106180438625148e-11	distance
locus_0008_chr6_31378965	rs1051791	6	31378965	8.361158917186893e-19	distance
locus_0009_chr6_38862525	rs149070832	6	38862525	1.002543933341941e-08	distance
locus_0010_chr7_40234653	rs138102615	7	40234653	2.024040268262676e-12	distance
locus_0011_chr7_56272915	rs17172514	7	56272915	3.726490872467966e-08	distance
locus_0012_chr8_43054553	rs1126058	8	43054553	1.8982593990293037e-14	distance
locus_0013_chr8_49985395	rs6980664	8	49985395	8.260947262997083e-09	distance
locus_0014_chr8_65258742	rs1899048	8	65258742	2.6161774047816813e-08	distance
locus_0015_chr9_101904956	9:101904956:A:G	9	101904956	1.1455020002119055e-09	distance
locus_0016_chr10_43622168	10:43622168:A:G	10	43622168	4.780527422490468e-15	distance
locus_0017_chr11_6532591	11:6532591:G:T	11	6532591	7.268377201233201e-09	distance
locus_0018_chr11_60768726	rs12291125	11	60768726	1.8636943997045032e-35	distance
locus_0019_chr11_105010448	rs115390164	11	105010448	4.191868965559456e-09	distance
locus_0020_chr14_94832655	rs74074958	14	94832655	2.8622118014247416e-39	distance
locus_0021_chr16_48162365	16:48162365:C:T	16	48162365	4.709479973488911e-11	distance
locus_0022_chr16_56947284	16:56947284:C:A	16	56947284	9.23185921178856e-13	distance
locus_0023_chr16_57755652	rs146987511	16	57755652	1.6023754454733726e-23	distance
locus_0024_chr17_38854799	17:38854799:G:A	17	38854799	1.0801858153100596e-08	distance
locus_0025_chr17_80274216	rs149252844	17	80274216	3.5340978039377524e-19	distance
locus_0026_chr20_47817815	rs13036715	20	47817815	2.1439775143439908e-08	distance
